Workbook

Sheet LEADER_BOARD
A1: LEADER BOARD | Executive dashboard cho leader / manager | O1: Status | P1: Count | AB1: Thành viên | AC1: Open Tasks | AD1: Due ≤7d | AE1: Overdue | AF1: Done %
A2: Bản tối giản để leader theo dõi KPI, tải việc, rủi ro và ưu tiên tuần này. Nguồn dữ liệu lấy tự động từ TASK_BOARD, DELIVERABLES, TEAM, MEETING_LOG và ISSUE_FEEDBACK_LOG. | O2: =A12 | P2: =B12 | AB2: =TEAM!B6 | AC2: =TEAM!I6 | AD2: =TEAM!J6 | AE2: =TEAM!K6 | AF2: =TEAM!M6
O3: =A13 | P3: =B13 | AB3: =TEAM!B7 | AC3: =TEAM!I7 | AD3: =TEAM!J7 | AE3: =TEAM!K7 | AF3: =TEAM!M7
O4: =A14 | P4: =B14 | AB4: =TEAM!B8 | AC4: =TEAM!I8 | AD4: =TEAM!J8 | AE4: =TEAM!K8 | AF4: =TEAM!M8
A5: Task mở | C5: % hoàn thành | E5: Đang thực hiện | G5: At risk | I5: Issue mở | K5: Deliverable mở | M5: Due ≤ 7 ngày | O5: =A15 | P5: =B15 | AB5: =TEAM!B9 | AC5: =TEAM!I9 | AD5: =TEAM!J9 | AE5: =TEAM!K9 | AF5: =TEAM!M9
A6: =COUNTIFS(TASK_BOARD!$A$7:$A$150,"<>",TASK_BOARD!$R$7:$R$150,"<>Hoàn thành") | C6: =IFERROR(COUNTIFS(TASK_BOARD!$R$7:$R$150,"Hoàn thành")/COUNTIF(TASK_BOARD!$A$7:$A$150,"<>"),0) | E6: =COUNTIFS(TASK_BOARD!$R$7:$R$150,"Đang thực hiện") | G6: =COUNTIFS(TASK_BOARD!$R$7:$R$150,"Trễ hạn")+COUNTIFS(TASK_BOARD!$R$7:$R$150,"Blocked") | I6: =COUNTIFS(ISSUE_FEEDBACK_LOG!$L$7:$L$80,"<>Closed",ISSUE_FEEDBACK_LOG!$A$7:$A$80,"<>") | K6: =COUNTIFS(DELIVERABLES!$G$7:$G$30,"<>Hoàn thành",DELIVERABLES!$A$7:$A$30,"<>") | M6: =COUNTIFS(TASK_BOARD!$K$7:$K$150,">="&CONFIG!$B$5,TASK_BOARD!$K$7:$K$150,"<="&CONFIG!$B$5+7,TASK_BOARD!$R$7:$R$150,"<>Hoàn thành") | O6: =A16 | P6: =B16 | AB6: =TEAM!B10 | AC6: =TEAM!I10 | AD6: =TEAM!J10 | AE6: =TEAM!K10 | AF6: =TEAM!M10
O7: =A17 | P7: =B17
A8: Open scope | C8: Overall | E8: Active now | G8: Overdue + blocked | I8: Pending fix | K8: Pending output | M8: Need focus this week
A10: 1) Tiến độ tổng thể | O10: Thành viên | P10: Open | Q10: Due7 | R10: AtRisk | S10: Done%
A11: Trạng thái | B11: Số lượng | C11: Tỷ trọng | O11: =TEAM!B6 | P11: =TEAM!I6 | Q11: =TEAM!J6 | R11: =TEAM!K6+TEAM!L6 | S11: =TEAM!M6
A12: Chưa bắt đầu | B12: =COUNTIFS(TASK_BOARD!$R$7:$R$150,$A12) | C12: =IFERROR($B12/COUNTIF(TASK_BOARD!$A$7:$A$150,"<>"),0) | O12: =TEAM!B7 | P12: =TEAM!I7 | Q12: =TEAM!J7 | R12: =TEAM!K7+TEAM!L7 | S12: =TEAM!M7
A13: Sắp đến hạn | B13: =COUNTIFS(TASK_BOARD!$R$7:$R$150,$A13) | C13: =IFERROR($B13/COUNTIF(TASK_BOARD!$A$7:$A$150,"<>"),0) | O13: =TEAM!B8 | P13: =TEAM!I8 | Q13: =TEAM!J8 | R13: =TEAM!K8+TEAM!L8 | S13: =TEAM!M8
A14: Đang thực hiện | B14: =COUNTIFS(TASK_BOARD!$R$7:$R$150,$A14) | C14: =IFERROR($B14/COUNTIF(TASK_BOARD!$A$7:$A$150,"<>"),0) | O14: =TEAM!B9 | P14: =TEAM!I9 | Q14: =TEAM!J9 | R14: =TEAM!K9+TEAM!L9 | S14: =TEAM!M9
A15: Hoàn thành | B15: =COUNTIFS(TASK_BOARD!$R$7:$R$150,$A15) | C15: =IFERROR($B15/COUNTIF(TASK_BOARD!$A$7:$A$150,"<>"),0) | O15: =TEAM!B10 | P15: =TEAM!I10 | Q15: =TEAM!J10 | R15: =TEAM!K10+TEAM!L10 | S15: =TEAM!M10
A16: Trễ hạn | B16: =COUNTIFS(TASK_BOARD!$R$7:$R$150,$A16) | C16: =IFERROR($B16/COUNTIF(TASK_BOARD!$A$7:$A$150,"<>"),0)
A17: Blocked | B17: =COUNTIFS(TASK_BOARD!$R$7:$R$150,$A17) | C17: =IFERROR($B17/COUNTIF(TASK_BOARD!$A$7:$A$150,"<>"),0)
A24: 3) Watchlist 7 ngày | I24: 4) Leader next actions
A25: ID | B25: Deliverable | C25: Owner | D25: Due | E25: Status | F25: % | G25: Reviewer | H25: Next step | I25: Ưu tiên | J25: Count | K25: Ngưỡng | L25: Owner | M25: Hành động
A26: =DELIVERABLES!A7 | B26: =DELIVERABLES!B7 | C26: =DELIVERABLES!C7 | D26: =DELIVERABLES!D7 | E26: =DELIVERABLES!G7 | F26: =DELIVERABLES!H7 | G26: =DELIVERABLES!J7 | H26: =IF(E26="Hoàn thành","Keep closed",IF(D26<CONFIG!$B$5,"Escalate today",IF(D26<=CONFIG!$B$5+7,"Push this week","Monitor"))) | I26: Task blocked | J26: =COUNTIFS(TASK_BOARD!$Q$7:$Q$150,"Có") | K26: >0 | L26: =IFERROR(VLOOKUP("TV1",TEAM!$A$6:$B$10,2,0),"TV1") | M26: Gỡ blocker / reassign
A27: =DELIVERABLES!A8 | B27: =DELIVERABLES!B8 | C27: =DELIVERABLES!C8 | D27: =DELIVERABLES!D8 | E27: =DELIVERABLES!G8 | F27: =DELIVERABLES!H8 | G27: =DELIVERABLES!J8 | H27: =IF(E27="Hoàn thành","Keep closed",IF(D27<CONFIG!$B$5,"Escalate today",IF(D27<=CONFIG!$B$5+7,"Push this week","Monitor"))) | I27: Issue chưa đóng | J27: =COUNTIFS(ISSUE_FEEDBACK_LOG!$L$7:$L$80,"Open",ISSUE_FEEDBACK_LOG!$A$7:$A$80,"<>")+COUNTIFS(ISSUE_FEEDBACK_LOG!$L$7:$L$80,"In Review",ISSUE_FEEDBACK_LOG!$A$7:$A$80,"<>") | K27: >0 | L27: =IFERROR(VLOOKUP("TV1",TEAM!$A$6:$B$10,2,0),"TV1") | M27: Review và fix owner
A28: =DELIVERABLES!A9 | B28: =DELIVERABLES!B9 | C28: =DELIVERABLES!C9 | D28: =DELIVERABLES!D9 | E28: =DELIVERABLES!G9 | F28: =DELIVERABLES!H9 | G28: =DELIVERABLES!J9 | H28: =IF(E28="Hoàn thành","Keep closed",IF(D28<CONFIG!$B$5,"Escalate today",IF(D28<=CONFIG!$B$5+7,"Push this week","Monitor"))) | I28: Task due ≤ 7d | J28: =COUNTIFS(TASK_BOARD!$K$7:$K$150,">="&CONFIG!$B$5,TASK_BOARD!$K$7:$K$150,"<="&CONFIG!$B$5+7,TASK_BOARD!$R$7:$R$150,"<>Hoàn thành") | K28: >3 | L28: =IFERROR(VLOOKUP("TV1",TEAM!$A$6:$B$10,2,0),"TV1") | M28: Ưu tiên milestone gần
A29: =DELIVERABLES!A10 | B29: =DELIVERABLES!B10 | C29: =DELIVERABLES!C10 | D29: =DELIVERABLES!D10 | E29: =DELIVERABLES!G10 | F29: =DELIVERABLES!H10 | G29: =DELIVERABLES!J10 | H29: =IF(E29="Hoàn thành","Keep closed",IF(D29<CONFIG!$B$5,"Escalate today",IF(D29<=CONFIG!$B$5+7,"Push this week","Monitor"))) | I29: Deliverable due ≤ 7d | J29: =COUNTIFS(DELIVERABLES!$D$7:$D$30,">="&CONFIG!$B$5,DELIVERABLES!$D$7:$D$30,"<="&CONFIG!$B$5+7,DELIVERABLES!$G$7:$G$30,"<>Hoàn thành") | K29: >0 | L29: =IFERROR(VLOOKUP("TV5",TEAM!$A$6:$B$10,2,0),"TV5") | M29: Theo dõi bàn giao
A30: =DELIVERABLES!A11 | B30: =DELIVERABLES!B11 | C30: =DELIVERABLES!C11 | D30: =DELIVERABLES!D11 | E30: =DELIVERABLES!G11 | F30: =DELIVERABLES!H11 | G30: =DELIVERABLES!J11 | H30: =IF(E30="Hoàn thành","Keep closed",IF(D30<CONFIG!$B$5,"Escalate today",IF(D30<=CONFIG!$B$5+7,"Push this week","Monitor"))) | I30: Action họp chưa xong | J30: =COUNTIFS(MEETING_LOG!$J$7:$J$50,"<>Done",MEETING_LOG!$A$7:$A$50,"<>") | K30: >0 | L30: =IFERROR(VLOOKUP("TV1",TEAM!$A$6:$B$10,2,0),"TV1") | M30: Chốt owner / due
A31: =DELIVERABLES!A12 | B31: =DELIVERABLES!B12 | C31: =DELIVERABLES!C12 | D31: =DELIVERABLES!D12 | E31: =DELIVERABLES!G12 | F31: =DELIVERABLES!H12 | G31: =DELIVERABLES!J12 | H31: =IF(E31="Hoàn thành","Keep closed",IF(D31<CONFIG!$B$5,"Escalate today",IF(D31<=CONFIG!$B$5+7,"Push this week","Monitor")))

Sheet TASK_BOARD
A1: TASK BOARD | Nơi cập nhật tiến độ duy nhất cho cả nhóm
A2: Chỉ cập nhật các cột nền xanh: Start Actual, Done Actual, % Complete, Last Update, Blocked?, Next Action, Output Link, Notes. Status và Health tự tính theo Report Date.
A3: Tên thành viên: | B3: =TEAM!A6&" = "&TEAM!B6 | C3: =TEAM!A7&" = "&TEAM!B7 | D3: =TEAM!A8&" = "&TEAM!B8 | E3: =TEAM!A9&" = "&TEAM!B9 | F3: =TEAM!A10&" = "&TEAM!B10
A4: Legend | B4: Xanh: cập nhật | C4: Xám: tự tính | D4: Đỏ: trễ / blocked | E4: Vàng: sắp đến hạn
A6: ID | B6: Tuần | C6: Giai đoạn | D6: Workstream | E6: Nhiệm vụ | F6: Deliverable | G6: Owner | H6: Support | I6: Reviewer | J6: Start Plan | K6: Due Plan | L6: Start Actual | M6: Done Actual | N6: Priority | O6: % Complete | P6: Last Update | Q6: Blocked? | R6: Status | T6: Dependency | U6: Next Action | V6: Output Link | W6: Notes
A7: T01 | B7: W1 | C7: 1. Kickoff & Proposal | D7: Governance | E7: Kickoff nhóm, chốt scope và vai trò | F7: Project charter + phân vai | G7: TV1 | H7: TV5 | I7: TV5 | J7: 46097 | K7: 46097 | L7: 46097 | M7: 46097 | N7: Cao | O7: 1 | P7: 46097 | Q7: Không | R7: =IF($A7="","",IF($Q7="Có","Blocked",IF(OR($O7>=1,$M7<>""),"Hoàn thành",IF(AND($K7<CONFIG!$B$5,$A7<>""),"Trễ hạn",IF(AND($K7-CONFIG!$B$5<=2,$K7>=CONFIG!$B$5),"Sắp đến hạn",IF(OR($L7<>"",$O7>0),"Đang thực hiện","Chưa bắt đầu")))))) | U7: Đã thống nhất | W7: Scope, roles, cadence approved
A8: T02 | B8: W1 | C8: 1. Kickoff & Proposal | D8: Research | E8: Hoàn thiện proposal học thuật 10 trang | F8: Proposal PDF + LaTeX | G8: TV1 | H8: TV5 | I8: TV4 | J8: 46102 | K8: 46106 | N8: Cao | O8: 0 | Q8: Không | R8: =IF($A8="","",IF($Q8="Có","Blocked",IF(OR($O8>=1,$M8<>""),"Hoàn thành",IF(AND($K8<CONFIG!$B$5,$A8<>""),"Trễ hạn",IF(AND($K8-CONFIG!$B$5<=2,$K8>=CONFIG!$B$5),"Sắp đến hạn",IF(OR($L8<>"",$O8>0),"Đang thực hiện","Chưa bắt đầu")))))) | T8: T01 | U8: Chốt góp ý cuối với nhóm | W8: Finalize theo format giảng viên
A9: T03 | B9: W1 | C9: 1. Kickoff & Proposal | D9: PMO | E9: Thiết lập repo, folder, tracker và cadence họp | F9: Repo structure + tracker + calendar | G9: TV5 | H9: TV1 | I9: TV4 | J9: 46102 | K9: 46106 | N9: Trung bình | O9: 0 | Q9: Không | R9: =IF($A9="","",IF($Q9="Có","Blocked",IF(OR($O9>=1,$M9<>""),"Hoàn thành",IF(AND($K9<CONFIG!$B$5,$A9<>""),"Trễ hạn",IF(AND($K9-CONFIG!$B$5<=2,$K9>=CONFIG!$B$5),"Sắp đến hạn",IF(OR($L9<>"",$O9>0),"Đang thực hiện","Chưa bắt đầu")))))) | T9: T01 | U9: Mở template meeting note | W9: Ưu tiên paper 3 năm gần đây
A10: T04 | B10: W1 | C10: 2. Literature & Research | D10: Research | E10: Lập ma trận tài liệu 15-20 bài chính | F10: Literature matrix + keyword plan | G10: TV1 | H10: TV4 | I10: TV5 | J10: 46102 | K10: 46106 | N10: Cao | O10: 0 | Q10: Không | R10: =IF($A10="","",IF($Q10="Có","Blocked",IF(OR($O10>=1,$M10<>""),"Hoàn thành",IF(AND($K10<CONFIG!$B$5,$A10<>""),"Trễ hạn",IF(AND($K10-CONFIG!$B$5<=2,$K10>=CONFIG!$B$5),"Sắp đến hạn",IF(OR($L10<>"",$O10>0),"Đang thực hiện","Chưa bắt đầu")))))) | T10: T01 | U10: Bổ sung benchmark và XAI | W10: Leader review quyền truy cập
A11: T05 | B11: W2 | C11: 3. Data Understanding | D11: Data | E11: Audit dataset PaySim và data dictionary | F11: PaySim audit note + dictionary | G11: TV2 | H11: TV1 | I11: TV4 | J11: 46104 | K11: 46108 | N11: Cao | O11: 0 | Q11: Không | R11: =IF($A11="","",IF($Q11="Có","Blocked",IF(OR($O11>=1,$M11<>""),"Hoàn thành",IF(AND($K11<CONFIG!$B$5,$A11<>""),"Trễ hạn",IF(AND($K11-CONFIG!$B$5<=2,$K11>=CONFIG!$B$5),"Sắp đến hạn",IF(OR($L11<>"",$O11>0),"Đang thực hiện","Chưa bắt đầu")))))) | T11: T01 | U11: Chốt fields dùng cho baseline | W11: Class imbalance cần ghi rõ
A12: T06 | B12: W2 | C12: 3. Data Understanding | D12: Data | E12: Audit dataset IEEE-CIS và logic join | F12: IEEE-CIS schema + join note | G12: TV3 | H12: TV1 | I12: TV4 | J12: 46104 | K12: 46108 | N12: Cao | O12: 0 | Q12: Không | R12: =IF($A12="","",IF($Q12="Có","Blocked",IF(OR($O12>=1,$M12<>""),"Hoàn thành",IF(AND($K12<CONFIG!$B$5,$A12<>""),"Trễ hạn",IF(AND($K12-CONFIG!$B$5<=2,$K12>=CONFIG!$B$5),"Sắp đến hạn",IF(OR($L12<>"",$O12>0),"Đang thực hiện","Chưa bắt đầu")))))) | T12: T01 | U12: Map transaction / identity | W12: Thiếu một số mô tả field
A13: T07 | B13: W2 | C13: 3. Data Understanding | D13: Data | E13: Thiết kế schema dùng chung cho 2 nguồn | F13: Common schema + naming rules | G13: TV2 | H13: TV3 | I13: TV4 | J13: 46107 | K13: 46110 | N13: Cao | O13: 0 | Q13: Không | R13: =IF($A13="","",IF($Q13="Có","Blocked",IF(OR($O13>=1,$M13<>""),"Hoàn thành",IF(AND($K13<CONFIG!$B$5,$A13<>""),"Trễ hạn",IF(AND($K13-CONFIG!$B$5<=2,$K13>=CONFIG!$B$5),"Sắp đến hạn",IF(OR($L13<>"",$O13>0),"Đang thực hiện","Chưa bắt đầu")))))) | T13: T05,T06 | U13: Tạo version 1 data contract
A14: T08 | B14: W3 | C14: 4. Preprocessing & Metrics | D14: Data | E14: EDA + imbalance analysis cho PaySim | F14: EDA notebook PaySim | G14: TV2 | H14: TV4 | I14: TV1 | J14: 46111 | K14: 46114 | N14: Cao | O14: 0 | Q14: Không | R14: =IF($A14="","",IF($Q14="Có","Blocked",IF(OR($O14>=1,$M14<>""),"Hoàn thành",IF(AND($K14<CONFIG!$B$5,$A14<>""),"Trễ hạn",IF(AND($K14-CONFIG!$B$5<=2,$K14>=CONFIG!$B$5),"Sắp đến hạn",IF(OR($L14<>"",$O14>0),"Đang thực hiện","Chưa bắt đầu")))))) | T14: T05 | U14: Chuẩn bị chart cho report
A15: T09 | B15: W3 | C15: 4. Preprocessing & Metrics | D15: Data | E15: Missing/categorical strategy cho IEEE-CIS | F15: Preprocessing plan IEEE-CIS | G15: TV3 | H15: TV4 | I15: TV1 | J15: 46111 | K15: 46115 | N15: Cao | O15: 0 | Q15: Không | R15: =IF($A15="","",IF($Q15="Có","Blocked",IF(OR($O15>=1,$M15<>""),"Hoàn thành",IF(AND($K15<CONFIG!$B$5,$A15<>""),"Trễ hạn",IF(AND($K15-CONFIG!$B$5<=2,$K15>=CONFIG!$B$5),"Sắp đến hạn",IF(OR($L15<>"",$O15>0),"Đang thực hiện","Chưa bắt đầu")))))) | T15: T06 | U15: Chốt top variables usable
A16: T10 | B16: W3 | C16: 4. Preprocessing & Metrics | D16: Engineering | E16: Xây pipeline preprocessing: Temporal walk-forward CV + K-Means SMOTE | F16: Reusable preprocessing pipeline v1 | G16: TV2 | H16: TV3 | I16: TV4 | J16: 46113 | K16: 46117 | N16: Cao | O16: 0 | Q16: Không | R16: =IF($A16="","",IF($Q16="Có","Blocked",IF(OR($O16>=1,$M16<>""),"Hoàn thành",IF(AND($K16<CONFIG!$B$5,$A16<>""),"Trễ hạn",IF(AND($K16-CONFIG!$B$5<=2,$K16>=CONFIG!$B$5),"Sắp đến hạn",IF(OR($L16<>"",$O16>0),"Đang thực hiện","Chưa bắt đầu")))))) | T16: T07,T08,T09 | U16: Code pipeline fit/transform
A17: T11 | B17: W3 | C17: 4. Preprocessing & Metrics | D17: QA | E17: Định nghĩa metric, thống kê (McNemar/Wilcoxon) và không gian tìm kiếm Optuna | F17: Metric spec + validation checklist | G17: TV4 | H17: TV1 | I17: TV3 | J17: 46113 | K17: 46116 | N17: Trung bình | O17: 0 | Q17: Không | R17: =IF($A17="","",IF($Q17="Có","Blocked",IF(OR($O17>=1,$M17<>""),"Hoàn thành",IF(AND($K17<CONFIG!$B$5,$A17<>""),"Trễ hạn",IF(AND($K17-CONFIG!$B$5<=2,$K17>=CONFIG!$B$5),"Sắp đến hạn",IF(OR($L17<>"",$O17>0),"Đang thực hiện","Chưa bắt đầu")))))) | T17: T03 | U17: Chốt PR-AUC / Recall / F1
A18: T12 | B18: W4 | C18: 5. Features & Baselines | D18: Modeling | E18: Thiết kế feature engineering cho 3 Views (Tabular, Sequential, Graph) | F18: Feature list + transformation rules | G18: TV3 | H18: TV2 | I18: TV4 | J18: 46118 | K18: 46122 | N18: Cao | O18: 0 | Q18: Không | R18: =IF($A18="","",IF($Q18="Có","Blocked",IF(OR($O18>=1,$M18<>""),"Hoàn thành",IF(AND($K18<CONFIG!$B$5,$A18<>""),"Trễ hạn",IF(AND($K18-CONFIG!$B$5<=2,$K18>=CONFIG!$B$5),"Sắp đến hạn",IF(OR($L18<>"",$O18>0),"Đang thực hiện","Chưa bắt đầu")))))) | T18: T10 | U18: Ưu tiên hành vi + thời gian
A19: T13 | B19: W4 | C19: 5. Features & Baselines | D19: Modeling | E19: Huấn luyện Random Forest 1st-level (Tabular View) | F19: Baseline report PaySim (LR/RF) | G19: TV2 | H19: TV3 | I19: TV4 | J19: 46119 | K19: 46124 | N19: Cao | O19: 0 | Q19: Không | R19: =IF($A19="","",IF($Q19="Có","Blocked",IF(OR($O19>=1,$M19<>""),"Hoàn thành",IF(AND($K19<CONFIG!$B$5,$A19<>""),"Trễ hạn",IF(AND($K19-CONFIG!$B$5<=2,$K19>=CONFIG!$B$5),"Sắp đến hạn",IF(OR($L19<>"",$O19>0),"Đang thực hiện","Chưa bắt đầu")))))) | T19: T08,T10,T11 | U19: So sánh precision-recall
A20: T14 | B20: W4 | C20: 5. Features & Baselines | D20: Modeling | E20: Huấn luyện LSTM (Sequential View) | F20: Baseline report IEEE-CIS | G20: TV2 | H20: TV2 | I20: TV4 | J20: 46119 | K20: 46124 | N20: Cao | O20: 0 | Q20: Không | R20: =IF($A20="","",IF($Q20="Có","Blocked",IF(OR($O20>=1,$M20<>""),"Hoàn thành",IF(AND($K20<CONFIG!$B$5,$A20<>""),"Trễ hạn",IF(AND($K20-CONFIG!$B$5<=2,$K20>=CONFIG!$B$5),"Sắp đến hạn",IF(OR($L20<>"",$O20>0),"Đang thực hiện","Chưa bắt đầu")))))) | T20: T09,T10,T11 | U20: Chốt subset chạy ổn định
A21: T15 | B21: W4 | C21: 5. Features & Baselines | D21: QA | E21: Gate review chất lượng dữ liệu và baseline | F21: Data & baseline review memo | G21: TV4 | H21: TV1 | I21: TV5 | J21: 46123 | K21: 46124 | N21: Trung bình | O21: 0 | Q21: Không | R21: =IF($A21="","",IF($Q21="Có","Blocked",IF(OR($O21>=1,$M21<>""),"Hoàn thành",IF(AND($K21<CONFIG!$B$5,$A21<>""),"Trễ hạn",IF(AND($K21-CONFIG!$B$5<=2,$K21>=CONFIG!$B$5),"Sắp đến hạn",IF(OR($L21<>"",$O21>0),"Đang thực hiện","Chưa bắt đầu")))))) | T21: T13,T14 | U21: Go/No-go cho advanced model
A22: T16 | B22: W4 | C22: 5. Features & Baselines | D22: Data | E22: Lập trình cơ chế Missing-View (Cờ nhị phân View Mask & Calibrated Prior) | F22: Missing-View src code | G22: TV2 | I22: TV3 | J22: 46117 | K22: 46124 | N22: Cao | O22: 0 | Q22: Không | R22: =IF($A22="","",IF($Q22="Có","Blocked",IF(OR($O22>=1,$M22<>""),"Hoàn thành",IF(AND($K22<CONFIG!$B$5,$A22<>""),"Trễ hạn",IF(AND($K22-CONFIG!$B$5<=2,$K22>=CONFIG!$B$5),"Sắp đến hạn",IF(OR($L22<>"",$O22>0),"Đang thực hiện","Chưa bắt đầu"))))))
A23: T17 | B23: W5 | C23: 6. Advanced Modeling | D23: Modeling | E23: Huấn luyện XGBoost & LightGBM (Tabular) + Focal Loss + Optuna TPE Tuning | F23: Advanced model experiments | G23: TV3 | H23: TV2 | I23: TV4 | J23: 46125 | K23: 46131 | N23: Cao | O23: 0 | Q23: Không | R23: =IF($A23="","",IF($Q23="Có","Blocked",IF(OR($O23>=1,$M23<>""),"Hoàn thành",IF(AND($K23<CONFIG!$B$5,$A23<>""),"Trễ hạn",IF(AND($K23-CONFIG!$B$5<=2,$K23>=CONFIG!$B$5),"Sắp đến hạn",IF(OR($L23<>"",$O23>0),"Đang thực hiện","Chưa bắt đầu")))))) | T23: T12,T15 | U23: Chạy grid hợp lý để tiết kiệm thời gian
A24: T18 | B24: W5 | C24: 6. Advanced Modeling | D24: Modeling | E24: Huấn luyện GAT (Graph View) & Logistic Regression Meta-Learner | F24: Ensemble design note + result | G24: TV3 | H24: TV4 | I24: TV1 | J24: 46128 | K24: 46132 | N24: Trung bình | O24: 0 | Q24: Không | R24: =IF($A24="","",IF($Q24="Có","Blocked",IF(OR($O24>=1,$M24<>""),"Hoàn thành",IF(AND($K24<CONFIG!$B$5,$A24<>""),"Trễ hạn",IF(AND($K24-CONFIG!$B$5<=2,$K24>=CONFIG!$B$5),"Sắp đến hạn",IF(OR($L24<>"",$O24>0),"Đang thực hiện","Chưa bắt đầu")))))) | T24: T16 | U24: Thử voting trước stacking
A25: T19 | B25: W5 | C25: 6. Advanced Modeling | D25: QA | E25: Triển khai 4-level XAI (SHAP, LIME, DiCE, Anchors) | F25: XAI + error analysis deck | G25: TV4 | H25: TV3 | I25: TV1 | J25: 46129 | K25: 46133 | N25: Trung bình | O25: 0 | Q25: Không | R25: =IF($A25="","",IF($Q25="Có","Blocked",IF(OR($O25>=1,$M25<>""),"Hoàn thành",IF(AND($K25<CONFIG!$B$5,$A25<>""),"Trễ hạn",IF(AND($K25-CONFIG!$B$5<=2,$K25>=CONFIG!$B$5),"Sắp đến hạn",IF(OR($L25<>"",$O25>0),"Đang thực hiện","Chưa bắt đầu")))))) | T25: T16 | U25: Rút insight cho report
A26: T20 | B26: W6 | C26: 6. Advanced Modeling | D26: QA | E26: Thực thi 19-Experiment Ablation Matrix & Kiểm định ý nghĩa McNemar/Wilcoxon | F26: Ablation results matrix | G26: TV4 | H26: TV3 | I26: TV1 | J26: 46132 | K26: 46137 | N26: Cao | O26: 0 | Q26: Không | R26: =IF($A26="","",IF($Q26="Có","Blocked",IF(OR($O26>=1,$M26<>""),"Hoàn thành",IF(AND($K26<CONFIG!$B$5,$A26<>""),"Trễ hạn",IF(AND($K26-CONFIG!$B$5<=2,$K26>=CONFIG!$B$5),"Sắp đến hạn",IF(OR($L26<>"",$O26>0),"Đang thực hiện","Chưa bắt đầu"))))))
A27: T21 | B27: W6 | C27: 7. Integration & Dashboard | D27: Engineering | E27: Đóng gói prediction / scoring flow | F27: Scoring pipeline v1 | G27: TV2 | H27: TV3 | I27: TV4 | J27: 46132 | K27: 46137 | N27: Cao | O27: 0 | Q27: Không | R27: =IF($A27="","",IF($Q27="Có","Blocked",IF(OR($O27>=1,$M27<>""),"Hoàn thành",IF(AND($K27<CONFIG!$B$5,$A27<>""),"Trễ hạn",IF(AND($K27-CONFIG!$B$5<=2,$K27>=CONFIG!$B$5),"Sắp đến hạn",IF(OR($L27<>"",$O27>0),"Đang thực hiện","Chưa bắt đầu")))))) | T27: T16,T17 | U27: Chuẩn hoá input-output
A28: T22 | B28: W6 | C28: 7. Integration & Dashboard | D28: Product | E28: Xây dashboard Streamlit v1 | F28: Dashboard v1 + mock data demo | G28: TV5 | H28: TV2 | I28: TV1 | J28: 46132 | K28: 46137 | N28: Cao | O28: 0 | Q28: Không | R28: =IF($A28="","",IF($Q28="Có","Blocked",IF(OR($O28>=1,$M28<>""),"Hoàn thành",IF(AND($K28<CONFIG!$B$5,$A28<>""),"Trễ hạn",IF(AND($K28-CONFIG!$B$5<=2,$K28>=CONFIG!$B$5),"Sắp đến hạn",IF(OR($L28<>"",$O28>0),"Đang thực hiện","Chưa bắt đầu")))))) | T28: T19 | U28: Hiển thị risk score + filters
A29: T23 | B29: W6 | C29: 7. Integration & Dashboard | D29: Research | E29: Model selection memo + business interpretation | F29: Decision memo cho model cuối | G29: TV1 | H29: TV4 | I29: TV3 | J29: 46135 | K29: 46138 | N29: Trung bình | O29: 0 | Q29: Không | R29: =IF($A29="","",IF($Q29="Có","Blocked",IF(OR($O29>=1,$M29<>""),"Hoàn thành",IF(AND($K29<CONFIG!$B$5,$A29<>""),"Trễ hạn",IF(AND($K29-CONFIG!$B$5<=2,$K29>=CONFIG!$B$5),"Sắp đến hạn",IF(OR($L29<>"",$O29>0),"Đang thực hiện","Chưa bắt đầu")))))) | T29: T16,T18 | U29: Chốt mô hình và narrative
A30: T24 | B30: W7 | C30: 7. Integration & Dashboard | D30: Engineering | E30: Xây dựng logic giám sát hiện tượng trôi dạt dữ liệu (Concept Drift - PSI) | F30: Drift alert & narrative | G30: TV2 | H30: TV4 | I30: TV1 | J30: 46139 | K30: 46142 | N30: Cao | O30: 0 | Q30: Không | R30: =IF($A30="","",IF($Q30="Có","Blocked",IF(OR($O30>=1,$M30<>""),"Hoàn thành",IF(AND($K30<CONFIG!$B$5,$A30<>""),"Trễ hạn",IF(AND($K30-CONFIG!$B$5<=2,$K30>=CONFIG!$B$5),"Sắp đến hạn",IF(OR($L30<>"",$O30>0),"Đang thực hiện","Chưa bắt đầu"))))))
A31: T25 | B31: W7 | C31: 8. Report & Demo | D31: QA | E31: Integration test end-to-end | F31: Test log + bug list | G31: TV4 | H31: TV2 | I31: TV5 | J31: 46139 | K31: 46142 | N31: Cao | O31: 0 | Q31: Không | R31: =IF($A31="","",IF($Q31="Có","Blocked",IF(OR($O31>=1,$M31<>""),"Hoàn thành",IF(AND($K31<CONFIG!$B$5,$A31<>""),"Trễ hạn",IF(AND($K31-CONFIG!$B$5<=2,$K31>=CONFIG!$B$5),"Sắp đến hạn",IF(OR($L31<>"",$O31>0),"Đang thực hiện","Chưa bắt đầu")))))) | T31: T19,T20 | U31: Test happy path và edge cases | W31: Format chuẩn IEEE <20 trang
A32: T26 | B32: W7 | C32: 8. Report & Demo | D32: Research | E32: Viết report chương phương pháp và thực nghiệm | F32: Draft report chapters | G32: TV1 | H32: TV3 | I32: TV4 | J32: 46139 | K32: 46144 | N32: Cao | O32: 0 | Q32: Không | R32: =IF($A32="","",IF($Q32="Có","Blocked",IF(OR($O32>=1,$M32<>""),"Hoàn thành",IF(AND($K32<CONFIG!$B$5,$A32<>""),"Trễ hạn",IF(AND($K32-CONFIG!$B$5<=2,$K32>=CONFIG!$B$5),"Sắp đến hạn",IF(OR($L32<>"",$O32>0),"Đang thực hiện","Chưa bắt đầu")))))) | T32: T21,T22 | U32: Ghép hình / charts vào báo cáo | W32: Theo feedback IF03
A33: T27 | B33: W7 | C33: 8. Report & Demo | D33: Product | E33: Thiết kế slide storyboard và demo script | F33: Slides draft + demo script | G33: TV5 | H33: TV1 | I33: TV4 | J33: 46141 | K33: 46144 | N33: Trung bình | O33: 0 | Q33: Không | R33: =IF($A33="","",IF($Q33="Có","Blocked",IF(OR($O33>=1,$M33<>""),"Hoàn thành",IF(AND($K33<CONFIG!$B$5,$A33<>""),"Trễ hạn",IF(AND($K33-CONFIG!$B$5<=2,$K33>=CONFIG!$B$5),"Sắp đến hạn",IF(OR($L33<>"",$O33>0),"Đang thực hiện","Chưa bắt đầu")))))) | T33: T20,T21 | U33: Draft 1 để leader review | W33: Leader chủ trì dry run session
A34: T28 | B34: W7 | C34: 8. Report & Demo | D34: Research | E34: Chỉnh sửa report theo phản hồi review nội bộ | F34: Final report v1 + response notes | G34: TV1 | H34: TV3 | I34: TV4 | J34: 46141 | K34: 46146 | N34: Cao | O34: 0 | Q34: Không | R34: =IF($A34="","",IF($Q34="Có","Blocked",IF(OR($O34>=1,$M34<>""),"Hoàn thành",IF(AND($K34<CONFIG!$B$5,$A34<>""),"Trễ hạn",IF(AND($K34-CONFIG!$B$5<=2,$K34>=CONFIG!$B$5),"Sắp đến hạn",IF(OR($L34<>"",$O34>0),"Đang thực hiện","Chưa bắt đầu")))))) | T34: T23 | U34: Ưu tiên chương method và thực nghiệm | W34: Backup drive + cloud link
A35: T29 | B35: W7 | C35: 8. Report & Demo | D35: Product | E35: Hoàn thiện dashboard Streamlit cho demo bảo vệ | F35: Dashboard final v2 + demo script | G35: TV5 | H35: TV2 | I35: TV1 | J35: 46141 | K35: 46146 | N35: Cao | O35: 0 | Q35: Không | R35: =IF($A35="","",IF($Q35="Có","Blocked",IF(OR($O35>=1,$M35<>""),"Hoàn thành",IF(AND($K35<CONFIG!$B$5,$A35<>""),"Trễ hạn",IF(AND($K35-CONFIG!$B$5<=2,$K35>=CONFIG!$B$5),"Sắp đến hạn",IF(OR($L35<>"",$O35>0),"Đang thực hiện","Chưa bắt đầu")))))) | T35: T20,T24 | U35: Đơn giản hóa UI, thêm story flow
A36: T30 | B36: W8 | C36: 8. Report & Demo | D36: QA | E36: Dry run bảo vệ + chuẩn bị Q&A checklist | F36: Defense runbook + Q&A prep | G36: TV4 | H36: TV1 | I36: TV5 | J36: 46147 | K36: 46151 | N36: Cao | O36: 0 | Q36: Không | R36: =IF($A36="","",IF($Q36="Có","Blocked",IF(OR($O36>=1,$M36<>""),"Hoàn thành",IF(AND($K36<CONFIG!$B$5,$A36<>""),"Trễ hạn",IF(AND($K36-CONFIG!$B$5<=2,$K36>=CONFIG!$B$5),"Sắp đến hạn",IF(OR($L36<>"",$O36>0),"Đang thực hiện","Chưa bắt đầu")))))) | T36: T25,T26 | U36: Thực hành 5-10 câu hỏi khó
A37: T31 | B37: W8 | C37: 8. Report & Demo | D37: Governance | E37: Đóng gói final package và nộp đồ án | F37: Final package: report + code + dashboard + runbook | G37: TV1 | H37: TV5 | I37: TV4 | J37: 46147 | K37: 46152 | N37: Cao | O37: 0 | Q37: Không | R37: =IF($A37="","",IF($Q37="Có","Blocked",IF(OR($O37>=1,$M37<>""),"Hoàn thành",IF(AND($K37<CONFIG!$B$5,$A37<>""),"Trễ hạn",IF(AND($K37-CONFIG!$B$5<=2,$K37>=CONFIG!$B$5),"Sắp đến hạn",IF(OR($L37<>"",$O37>0),"Đang thực hiện","Chưa bắt đầu")))))) | T37: T25,T26,T27 | U37: Checklist nộp trước 24h deadline

Sheet ROADMAP_8W
A1: ROADMAP 8W | Milestone & phase roadmap
A4: Project Window | E4: Legend | I4: Current View
A5: Start | B5: =CONFIG!$B$6 | C5: End | D5: =CONFIG!$B$7 | F5: Planned / Running | H5: Done
A6: Weeks | B6: =CONFIG!$B$8 | C6: Report Date | D6: =CONFIG!$B$5 | F6: At risk | H6: Current week
A8: Phase Summary | I8: Weekly Roadmap
A9: Giai đoạn | B9: Owner | C9: Kết quả chính | D9: Start | E9: End | F9: % Prog | G9: Risk | H9: Status | I9: W1 | J9: W2 | K9: W3 | L9: W4 | M9: W5 | N9: W6 | O9: W7 | P9: W8
I10: =TEXT(INDEX(CONFIG!$B$13:$I$13,1,1),"dd-mmm")&" → "&TEXT(INDEX(CONFIG!$B$14:$I$14,1,1),"dd-mmm") | J10: =TEXT(INDEX(CONFIG!$B$13:$I$13,1,2),"dd-mmm")&" → "&TEXT(INDEX(CONFIG!$B$14:$I$14,1,2),"dd-mmm") | K10: =TEXT(INDEX(CONFIG!$B$13:$I$13,1,3),"dd-mmm")&" → "&TEXT(INDEX(CONFIG!$B$14:$I$14,1,3),"dd-mmm") | L10: =TEXT(INDEX(CONFIG!$B$13:$I$13,1,4),"dd-mmm")&" → "&TEXT(INDEX(CONFIG!$B$14:$I$14,1,4),"dd-mmm") | M10: =TEXT(INDEX(CONFIG!$B$13:$I$13,1,5),"dd-mmm")&" → "&TEXT(INDEX(CONFIG!$B$14:$I$14,1,5),"dd-mmm") | N10: =TEXT(INDEX(CONFIG!$B$13:$I$13,1,6),"dd-mmm")&" → "&TEXT(INDEX(CONFIG!$B$14:$I$14,1,6),"dd-mmm") | O10: =TEXT(INDEX(CONFIG!$B$13:$I$13,1,7),"dd-mmm")&" → "&TEXT(INDEX(CONFIG!$B$14:$I$14,1,7),"dd-mmm") | P10: =TEXT(INDEX(CONFIG!$B$13:$I$13,1,8),"dd-mmm")&" → "&TEXT(INDEX(CONFIG!$B$14:$I$14,1,8),"dd-mmm")
A11: 1. Kickoff & Proposal | B11: =IFERROR(VLOOKUP("TV1",TEAM!$A$6:$B$10,2,0),"TV1") | C11: Project charter + proposal | D11: =IFERROR(_xlfn.MINIFS(TASK_BOARD!$J$7:$J$150,TASK_BOARD!$C$7:$C$150,$A11),"") | E11: =IF(COUNTIF(TASK_BOARD!$C$7:$C$150,$A11)=0,"",_xlfn.MAXIFS(TASK_BOARD!$K$7:$K$150,TASK_BOARD!$C$7:$C$150,$A11)) | F11: =IFERROR(AVERAGEIFS(TASK_BOARD!$O$7:$O$150,TASK_BOARD!$C$7:$C$150,$A11),0) | G11: =COUNTIFS(TASK_BOARD!$C$7:$C$150,$A11,TASK_BOARD!$R$7:$R$150,"Blocked")+COUNTIFS(TASK_BOARD!$C$7:$C$150,$A11,TASK_BOARD!$R$7:$R$150,"Trễ hạn") | H11: =IF($F11>=1,"Done",IF($G11>0,"At risk",IF(COUNTIFS(TASK_BOARD!$C$7:$C$150,$A11,TASK_BOARD!$R$7:$R$150,"Đang thực hiện")>0,"Running","Planned"))) | I11: =IF(AND(INDEX(CONFIG!$B$13:$I$13,1,1)<=$E11,INDEX(CONFIG!$B$14:$I$14,1,1)>=$D11),IF($F11>=1,3,IF($G11>0,2,1)),"") | J11: =IF(AND(INDEX(CONFIG!$B$13:$I$13,1,2)<=$E11,INDEX(CONFIG!$B$14:$I$14,1,2)>=$D11),IF($F11>=1,3,IF($G11>0,2,1)),"") | K11: =IF(AND(INDEX(CONFIG!$B$13:$I$13,1,3)<=$E11,INDEX(CONFIG!$B$14:$I$14,1,3)>=$D11),IF($F11>=1,3,IF($G11>0,2,1)),"") | L11: =IF(AND(INDEX(CONFIG!$B$13:$I$13,1,4)<=$E11,INDEX(CONFIG!$B$14:$I$14,1,4)>=$D11),IF($F11>=1,3,IF($G11>0,2,1)),"") | M11: =IF(AND(INDEX(CONFIG!$B$13:$I$13,1,5)<=$E11,INDEX(CONFIG!$B$14:$I$14,1,5)>=$D11),IF($F11>=1,3,IF($G11>0,2,1)),"") | N11: =IF(AND(INDEX(CONFIG!$B$13:$I$13,1,6)<=$E11,INDEX(CONFIG!$B$14:$I$14,1,6)>=$D11),IF($F11>=1,3,IF($G11>0,2,1)),"") | O11: =IF(AND(INDEX(CONFIG!$B$13:$I$13,1,7)<=$E11,INDEX(CONFIG!$B$14:$I$14,1,7)>=$D11),IF($F11>=1,3,IF($G11>0,2,1)),"") | P11: =IF(AND(INDEX(CONFIG!$B$13:$I$13,1,8)<=$E11,INDEX(CONFIG!$B$14:$I$14,1,8)>=$D11),IF($F11>=1,3,IF($G11>0,2,1)),"")
A12: 2. Literature & Research | B12: =IFERROR(VLOOKUP("TV1",TEAM!$A$6:$B$10,2,0),"TV1") | C12: Literature matrix + benchmark logic | D12: =IFERROR(_xlfn.MINIFS(TASK_BOARD!$J$7:$J$150,TASK_BOARD!$C$7:$C$150,$A12),"") | E12: =IF(COUNTIF(TASK_BOARD!$C$7:$C$150,$A12)=0,"",_xlfn.MAXIFS(TASK_BOARD!$K$7:$K$150,TASK_BOARD!$C$7:$C$150,$A12)) | F12: =IFERROR(AVERAGEIFS(TASK_BOARD!$O$7:$O$150,TASK_BOARD!$C$7:$C$150,$A12),0) | G12: =COUNTIFS(TASK_BOARD!$C$7:$C$150,$A12,TASK_BOARD!$R$7:$R$150,"Blocked")+COUNTIFS(TASK_BOARD!$C$7:$C$150,$A12,TASK_BOARD!$R$7:$R$150,"Trễ hạn") | H12: =IF($F12>=1,"Done",IF($G12>0,"At risk",IF(COUNTIFS(TASK_BOARD!$C$7:$C$150,$A12,TASK_BOARD!$R$7:$R$150,"Đang thực hiện")>0,"Running","Planned"))) | I12: =IF(AND(INDEX(CONFIG!$B$13:$I$13,1,1)<=$E12,INDEX(CONFIG!$B$14:$I$14,1,1)>=$D12),IF($F12>=1,3,IF($G12>0,2,1)),"") | J12: =IF(AND(INDEX(CONFIG!$B$13:$I$13,1,2)<=$E12,INDEX(CONFIG!$B$14:$I$14,1,2)>=$D12),IF($F12>=1,3,IF($G12>0,2,1)),"") | K12: =IF(AND(INDEX(CONFIG!$B$13:$I$13,1,3)<=$E12,INDEX(CONFIG!$B$14:$I$14,1,3)>=$D12),IF($F12>=1,3,IF($G12>0,2,1)),"") | L12: =IF(AND(INDEX(CONFIG!$B$13:$I$13,1,4)<=$E12,INDEX(CONFIG!$B$14:$I$14,1,4)>=$D12),IF($F12>=1,3,IF($G12>0,2,1)),"") | M12: =IF(AND(INDEX(CONFIG!$B$13:$I$13,1,5)<=$E12,INDEX(CONFIG!$B$14:$I$14,1,5)>=$D12),IF($F12>=1,3,IF($G12>0,2,1)),"") | N12: =IF(AND(INDEX(CONFIG!$B$13:$I$13,1,6)<=$E12,INDEX(CONFIG!$B$14:$I$14,1,6)>=$D12),IF($F12>=1,3,IF($G12>0,2,1)),"") | O12: =IF(AND(INDEX(CONFIG!$B$13:$I$13,1,7)<=$E12,INDEX(CONFIG!$B$14:$I$14,1,7)>=$D12),IF($F12>=1,3,IF($G12>0,2,1)),"") | P12: =IF(AND(INDEX(CONFIG!$B$13:$I$13,1,8)<=$E12,INDEX(CONFIG!$B$14:$I$14,1,8)>=$D12),IF($F12>=1,3,IF($G12>0,2,1)),"")
A13: 3. Data Understanding | B13: =IFERROR(VLOOKUP("TV2",TEAM!$A$6:$B$10,2,0),"TV2") | C13: Audit 2 dataset + schema chung | D13: =IFERROR(_xlfn.MINIFS(TASK_BOARD!$J$7:$J$150,TASK_BOARD!$C$7:$C$150,$A13),"") | E13: =IF(COUNTIF(TASK_BOARD!$C$7:$C$150,$A13)=0,"",_xlfn.MAXIFS(TASK_BOARD!$K$7:$K$150,TASK_BOARD!$C$7:$C$150,$A13)) | F13: =IFERROR(AVERAGEIFS(TASK_BOARD!$O$7:$O$150,TASK_BOARD!$C$7:$C$150,$A13),0) | G13: =COUNTIFS(TASK_BOARD!$C$7:$C$150,$A13,TASK_BOARD!$R$7:$R$150,"Blocked")+COUNTIFS(TASK_BOARD!$C$7:$C$150,$A13,TASK_BOARD!$R$7:$R$150,"Trễ hạn") | H13: =IF($F13>=1,"Done",IF($G13>0,"At risk",IF(COUNTIFS(TASK_BOARD!$C$7:$C$150,$A13,TASK_BOARD!$R$7:$R$150,"Đang thực hiện")>0,"Running","Planned"))) | I13: =IF(AND(INDEX(CONFIG!$B$13:$I$13,1,1)<=$E13,INDEX(CONFIG!$B$14:$I$14,1,1)>=$D13),IF($F13>=1,3,IF($G13>0,2,1)),"") | J13: =IF(AND(INDEX(CONFIG!$B$13:$I$13,1,2)<=$E13,INDEX(CONFIG!$B$14:$I$14,1,2)>=$D13),IF($F13>=1,3,IF($G13>0,2,1)),"") | K13: =IF(AND(INDEX(CONFIG!$B$13:$I$13,1,3)<=$E13,INDEX(CONFIG!$B$14:$I$14,1,3)>=$D13),IF($F13>=1,3,IF($G13>0,2,1)),"") | L13: =IF(AND(INDEX(CONFIG!$B$13:$I$13,1,4)<=$E13,INDEX(CONFIG!$B$14:$I$14,1,4)>=$D13),IF($F13>=1,3,IF($G13>0,2,1)),"") | M13: =IF(AND(INDEX(CONFIG!$B$13:$I$13,1,5)<=$E13,INDEX(CONFIG!$B$14:$I$14,1,5)>=$D13),IF($F13>=1,3,IF($G13>0,2,1)),"") | N13: =IF(AND(INDEX(CONFIG!$B$13:$I$13,1,6)<=$E13,INDEX(CONFIG!$B$14:$I$14,1,6)>=$D13),IF($F13>=1,3,IF($G13>0,2,1)),"") | O13: =IF(AND(INDEX(CONFIG!$B$13:$I$13,1,7)<=$E13,INDEX(CONFIG!$B$14:$I$14,1,7)>=$D13),IF($F13>=1,3,IF($G13>0,2,1)),"") | P13: =IF(AND(INDEX(CONFIG!$B$13:$I$13,1,8)<=$E13,INDEX(CONFIG!$B$14:$I$14,1,8)>=$D13),IF($F13>=1,3,IF($G13>0,2,1)),"")
A14: 4. Preprocessing & Metrics | B14: =IFERROR(VLOOKUP("TV2",TEAM!$A$6:$B$10,2,0),"TV2") | C14: Pipeline xử lý + metric spec | D14: =IFERROR(_xlfn.MINIFS(TASK_BOARD!$J$7:$J$150,TASK_BOARD!$C$7:$C$150,$A14),"") | E14: =IF(COUNTIF(TASK_BOARD!$C$7:$C$150,$A14)=0,"",_xlfn.MAXIFS(TASK_BOARD!$K$7:$K$150,TASK_BOARD!$C$7:$C$150,$A14)) | F14: =IFERROR(AVERAGEIFS(TASK_BOARD!$O$7:$O$150,TASK_BOARD!$C$7:$C$150,$A14),0) | G14: =COUNTIFS(TASK_BOARD!$C$7:$C$150,$A14,TASK_BOARD!$R$7:$R$150,"Blocked")+COUNTIFS(TASK_BOARD!$C$7:$C$150,$A14,TASK_BOARD!$R$7:$R$150,"Trễ hạn") | H14: =IF($F14>=1,"Done",IF($G14>0,"At risk",IF(COUNTIFS(TASK_BOARD!$C$7:$C$150,$A14,TASK_BOARD!$R$7:$R$150,"Đang thực hiện")>0,"Running","Planned"))) | I14: =IF(AND(INDEX(CONFIG!$B$13:$I$13,1,1)<=$E14,INDEX(CONFIG!$B$14:$I$14,1,1)>=$D14),IF($F14>=1,3,IF($G14>0,2,1)),"") | J14: =IF(AND(INDEX(CONFIG!$B$13:$I$13,1,2)<=$E14,INDEX(CONFIG!$B$14:$I$14,1,2)>=$D14),IF($F14>=1,3,IF($G14>0,2,1)),"") | K14: =IF(AND(INDEX(CONFIG!$B$13:$I$13,1,3)<=$E14,INDEX(CONFIG!$B$14:$I$14,1,3)>=$D14),IF($F14>=1,3,IF($G14>0,2,1)),"") | L14: =IF(AND(INDEX(CONFIG!$B$13:$I$13,1,4)<=$E14,INDEX(CONFIG!$B$14:$I$14,1,4)>=$D14),IF($F14>=1,3,IF($G14>0,2,1)),"") | M14: =IF(AND(INDEX(CONFIG!$B$13:$I$13,1,5)<=$E14,INDEX(CONFIG!$B$14:$I$14,1,5)>=$D14),IF($F14>=1,3,IF($G14>0,2,1)),"") | N14: =IF(AND(INDEX(CONFIG!$B$13:$I$13,1,6)<=$E14,INDEX(CONFIG!$B$14:$I$14,1,6)>=$D14),IF($F14>=1,3,IF($G14>0,2,1)),"") | O14: =IF(AND(INDEX(CONFIG!$B$13:$I$13,1,7)<=$E14,INDEX(CONFIG!$B$14:$I$14,1,7)>=$D14),IF($F14>=1,3,IF($G14>0,2,1)),"") | P14: =IF(AND(INDEX(CONFIG!$B$13:$I$13,1,8)<=$E14,INDEX(CONFIG!$B$14:$I$14,1,8)>=$D14),IF($F14>=1,3,IF($G14>0,2,1)),"")
A15: 5. Features & Baselines | B15: =IFERROR(VLOOKUP("TV3",TEAM!$A$6:$B$10,2,0),"TV3") | C15: Feature rules + baseline benchmark | D15: =IFERROR(_xlfn.MINIFS(TASK_BOARD!$J$7:$J$150,TASK_BOARD!$C$7:$C$150,$A15),"") | E15: =IF(COUNTIF(TASK_BOARD!$C$7:$C$150,$A15)=0,"",_xlfn.MAXIFS(TASK_BOARD!$K$7:$K$150,TASK_BOARD!$C$7:$C$150,$A15)) | F15: =IFERROR(AVERAGEIFS(TASK_BOARD!$O$7:$O$150,TASK_BOARD!$C$7:$C$150,$A15),0) | G15: =COUNTIFS(TASK_BOARD!$C$7:$C$150,$A15,TASK_BOARD!$R$7:$R$150,"Blocked")+COUNTIFS(TASK_BOARD!$C$7:$C$150,$A15,TASK_BOARD!$R$7:$R$150,"Trễ hạn") | H15: =IF($F15>=1,"Done",IF($G15>0,"At risk",IF(COUNTIFS(TASK_BOARD!$C$7:$C$150,$A15,TASK_BOARD!$R$7:$R$150,"Đang thực hiện")>0,"Running","Planned"))) | I15: =IF(AND(INDEX(CONFIG!$B$13:$I$13,1,1)<=$E15,INDEX(CONFIG!$B$14:$I$14,1,1)>=$D15),IF($F15>=1,3,IF($G15>0,2,1)),"") | J15: =IF(AND(INDEX(CONFIG!$B$13:$I$13,1,2)<=$E15,INDEX(CONFIG!$B$14:$I$14,1,2)>=$D15),IF($F15>=1,3,IF($G15>0,2,1)),"") | K15: =IF(AND(INDEX(CONFIG!$B$13:$I$13,1,3)<=$E15,INDEX(CONFIG!$B$14:$I$14,1,3)>=$D15),IF($F15>=1,3,IF($G15>0,2,1)),"") | L15: =IF(AND(INDEX(CONFIG!$B$13:$I$13,1,4)<=$E15,INDEX(CONFIG!$B$14:$I$14,1,4)>=$D15),IF($F15>=1,3,IF($G15>0,2,1)),"") | M15: =IF(AND(INDEX(CONFIG!$B$13:$I$13,1,5)<=$E15,INDEX(CONFIG!$B$14:$I$14,1,5)>=$D15),IF($F15>=1,3,IF($G15>0,2,1)),"") | N15: =IF(AND(INDEX(CONFIG!$B$13:$I$13,1,6)<=$E15,INDEX(CONFIG!$B$14:$I$14,1,6)>=$D15),IF($F15>=1,3,IF($G15>0,2,1)),"") | O15: =IF(AND(INDEX(CONFIG!$B$13:$I$13,1,7)<=$E15,INDEX(CONFIG!$B$14:$I$14,1,7)>=$D15),IF($F15>=1,3,IF($G15>0,2,1)),"") | P15: =IF(AND(INDEX(CONFIG!$B$13:$I$13,1,8)<=$E15,INDEX(CONFIG!$B$14:$I$14,1,8)>=$D15),IF($F15>=1,3,IF($G15>0,2,1)),"")
A16: 6. Advanced Modeling | B16: =IFERROR(VLOOKUP("TV3",TEAM!$A$6:$B$10,2,0),"TV3") | C16: Boosting + ensemble + XAI | D16: =IFERROR(_xlfn.MINIFS(TASK_BOARD!$J$7:$J$150,TASK_BOARD!$C$7:$C$150,$A16),"") | E16: =IF(COUNTIF(TASK_BOARD!$C$7:$C$150,$A16)=0,"",_xlfn.MAXIFS(TASK_BOARD!$K$7:$K$150,TASK_BOARD!$C$7:$C$150,$A16)) | F16: =IFERROR(AVERAGEIFS(TASK_BOARD!$O$7:$O$150,TASK_BOARD!$C$7:$C$150,$A16),0) | G16: =COUNTIFS(TASK_BOARD!$C$7:$C$150,$A16,TASK_BOARD!$R$7:$R$150,"Blocked")+COUNTIFS(TASK_BOARD!$C$7:$C$150,$A16,TASK_BOARD!$R$7:$R$150,"Trễ hạn") | H16: =IF($F16>=1,"Done",IF($G16>0,"At risk",IF(COUNTIFS(TASK_BOARD!$C$7:$C$150,$A16,TASK_BOARD!$R$7:$R$150,"Đang thực hiện")>0,"Running","Planned"))) | I16: =IF(AND(INDEX(CONFIG!$B$13:$I$13,1,1)<=$E16,INDEX(CONFIG!$B$14:$I$14,1,1)>=$D16),IF($F16>=1,3,IF($G16>0,2,1)),"") | J16: =IF(AND(INDEX(CONFIG!$B$13:$I$13,1,2)<=$E16,INDEX(CONFIG!$B$14:$I$14,1,2)>=$D16),IF($F16>=1,3,IF($G16>0,2,1)),"") | K16: =IF(AND(INDEX(CONFIG!$B$13:$I$13,1,3)<=$E16,INDEX(CONFIG!$B$14:$I$14,1,3)>=$D16),IF($F16>=1,3,IF($G16>0,2,1)),"") | L16: =IF(AND(INDEX(CONFIG!$B$13:$I$13,1,4)<=$E16,INDEX(CONFIG!$B$14:$I$14,1,4)>=$D16),IF($F16>=1,3,IF($G16>0,2,1)),"") | M16: =IF(AND(INDEX(CONFIG!$B$13:$I$13,1,5)<=$E16,INDEX(CONFIG!$B$14:$I$14,1,5)>=$D16),IF($F16>=1,3,IF($G16>0,2,1)),"") | N16: =IF(AND(INDEX(CONFIG!$B$13:$I$13,1,6)<=$E16,INDEX(CONFIG!$B$14:$I$14,1,6)>=$D16),IF($F16>=1,3,IF($G16>0,2,1)),"") | O16: =IF(AND(INDEX(CONFIG!$B$13:$I$13,1,7)<=$E16,INDEX(CONFIG!$B$14:$I$14,1,7)>=$D16),IF($F16>=1,3,IF($G16>0,2,1)),"") | P16: =IF(AND(INDEX(CONFIG!$B$13:$I$13,1,8)<=$E16,INDEX(CONFIG!$B$14:$I$14,1,8)>=$D16),IF($F16>=1,3,IF($G16>0,2,1)),"")
A17: 7. Integration & Dashboard | B17: =IFERROR(VLOOKUP("TV5",TEAM!$A$6:$B$10,2,0),"TV5") | C17: Scoring flow + dashboard | D17: =IFERROR(_xlfn.MINIFS(TASK_BOARD!$J$7:$J$150,TASK_BOARD!$C$7:$C$150,$A17),"") | E17: =IF(COUNTIF(TASK_BOARD!$C$7:$C$150,$A17)=0,"",_xlfn.MAXIFS(TASK_BOARD!$K$7:$K$150,TASK_BOARD!$C$7:$C$150,$A17)) | F17: =IFERROR(AVERAGEIFS(TASK_BOARD!$O$7:$O$150,TASK_BOARD!$C$7:$C$150,$A17),0) | G17: =COUNTIFS(TASK_BOARD!$C$7:$C$150,$A17,TASK_BOARD!$R$7:$R$150,"Blocked")+COUNTIFS(TASK_BOARD!$C$7:$C$150,$A17,TASK_BOARD!$R$7:$R$150,"Trễ hạn") | H17: =IF($F17>=1,"Done",IF($G17>0,"At risk",IF(COUNTIFS(TASK_BOARD!$C$7:$C$150,$A17,TASK_BOARD!$R$7:$R$150,"Đang thực hiện")>0,"Running","Planned"))) | I17: =IF(AND(INDEX(CONFIG!$B$13:$I$13,1,1)<=$E17,INDEX(CONFIG!$B$14:$I$14,1,1)>=$D17),IF($F17>=1,3,IF($G17>0,2,1)),"") | J17: =IF(AND(INDEX(CONFIG!$B$13:$I$13,1,2)<=$E17,INDEX(CONFIG!$B$14:$I$14,1,2)>=$D17),IF($F17>=1,3,IF($G17>0,2,1)),"") | K17: =IF(AND(INDEX(CONFIG!$B$13:$I$13,1,3)<=$E17,INDEX(CONFIG!$B$14:$I$14,1,3)>=$D17),IF($F17>=1,3,IF($G17>0,2,1)),"") | L17: =IF(AND(INDEX(CONFIG!$B$13:$I$13,1,4)<=$E17,INDEX(CONFIG!$B$14:$I$14,1,4)>=$D17),IF($F17>=1,3,IF($G17>0,2,1)),"") | M17: =IF(AND(INDEX(CONFIG!$B$13:$I$13,1,5)<=$E17,INDEX(CONFIG!$B$14:$I$14,1,5)>=$D17),IF($F17>=1,3,IF($G17>0,2,1)),"") | N17: =IF(AND(INDEX(CONFIG!$B$13:$I$13,1,6)<=$E17,INDEX(CONFIG!$B$14:$I$14,1,6)>=$D17),IF($F17>=1,3,IF($G17>0,2,1)),"") | O17: =IF(AND(INDEX(CONFIG!$B$13:$I$13,1,7)<=$E17,INDEX(CONFIG!$B$14:$I$14,1,7)>=$D17),IF($F17>=1,3,IF($G17>0,2,1)),"") | P17: =IF(AND(INDEX(CONFIG!$B$13:$I$13,1,8)<=$E17,INDEX(CONFIG!$B$14:$I$14,1,8)>=$D17),IF($F17>=1,3,IF($G17>0,2,1)),"")
A18: 8. Report & Demo | B18: =IFERROR(VLOOKUP("TV1",TEAM!$A$6:$B$10,2,0),"TV1") | C18: Final report + defense runbook | D18: =IFERROR(_xlfn.MINIFS(TASK_BOARD!$J$7:$J$150,TASK_BOARD!$C$7:$C$150,$A18),"") | E18: =IF(COUNTIF(TASK_BOARD!$C$7:$C$150,$A18)=0,"",_xlfn.MAXIFS(TASK_BOARD!$K$7:$K$150,TASK_BOARD!$C$7:$C$150,$A18)) | F18: =IFERROR(AVERAGEIFS(TASK_BOARD!$O$7:$O$150,TASK_BOARD!$C$7:$C$150,$A18),0) | G18: =COUNTIFS(TASK_BOARD!$C$7:$C$150,$A18,TASK_BOARD!$R$7:$R$150,"Blocked")+COUNTIFS(TASK_BOARD!$C$7:$C$150,$A18,TASK_BOARD!$R$7:$R$150,"Trễ hạn") | H18: =IF($F18>=1,"Done",IF($G18>0,"At risk",IF(COUNTIFS(TASK_BOARD!$C$7:$C$150,$A18,TASK_BOARD!$R$7:$R$150,"Đang thực hiện")>0,"Running","Planned"))) | I18: =IF(AND(INDEX(CONFIG!$B$13:$I$13,1,1)<=$E18,INDEX(CONFIG!$B$14:$I$14,1,1)>=$D18),IF($F18>=1,3,IF($G18>0,2,1)),"") | J18: =IF(AND(INDEX(CONFIG!$B$13:$I$13,1,2)<=$E18,INDEX(CONFIG!$B$14:$I$14,1,2)>=$D18),IF($F18>=1,3,IF($G18>0,2,1)),"") | K18: =IF(AND(INDEX(CONFIG!$B$13:$I$13,1,3)<=$E18,INDEX(CONFIG!$B$14:$I$14,1,3)>=$D18),IF($F18>=1,3,IF($G18>0,2,1)),"") | L18: =IF(AND(INDEX(CONFIG!$B$13:$I$13,1,4)<=$E18,INDEX(CONFIG!$B$14:$I$14,1,4)>=$D18),IF($F18>=1,3,IF($G18>0,2,1)),"") | M18: =IF(AND(INDEX(CONFIG!$B$13:$I$13,1,5)<=$E18,INDEX(CONFIG!$B$14:$I$14,1,5)>=$D18),IF($F18>=1,3,IF($G18>0,2,1)),"") | N18: =IF(AND(INDEX(CONFIG!$B$13:$I$13,1,6)<=$E18,INDEX(CONFIG!$B$14:$I$14,1,6)>=$D18),IF($F18>=1,3,IF($G18>0,2,1)),"") | O18: =IF(AND(INDEX(CONFIG!$B$13:$I$13,1,7)<=$E18,INDEX(CONFIG!$B$14:$I$14,1,7)>=$D18),IF($F18>=1,3,IF($G18>0,2,1)),"") | P18: =IF(AND(INDEX(CONFIG!$B$13:$I$13,1,8)<=$E18,INDEX(CONFIG!$B$14:$I$14,1,8)>=$D18),IF($F18>=1,3,IF($G18>0,2,1)),"")
A20: Reading Guide
A21: Đọc từ trái sang phải: cột Status cho biết phase đang Planned / Running / Done / At risk; cột % Prog thể hiện mức hoàn thành bình quân của task trong phase; phần Weekly Roadmap dùng màu để xác định phase phủ qua tuần nào và tuần nào đang có rủi ro.

Sheet DELIVERABLES
A1: DELIVERABLES | Theo dõi đầu ra, nghiệm thu và mốc bàn giao
A6: ID | B6: Deliverable chính | C6: Owner | D6: Due | E6: Linked Task ID | F6: Acceptance Criteria | G6: Status | H6: % Complete | I6: Last Update | J6: Reviewer
A7: D01 | B7: Proposal + roadmap 8 tuần | C7: =IFERROR(VLOOKUP("TV1",TEAM!$A$6:$B$10,2,0),"TV1") | D7: =IFERROR(INDEX(TASK_BOARD!$K$7:$K$150,MATCH($E7,TASK_BOARD!$A$7:$A$150,0)),"") | E7: T02 | F7: Proposal 10 trang + roadmap cập nhật | G7: =IFERROR(INDEX(TASK_BOARD!$R$7:$R$150,MATCH($E7,TASK_BOARD!$A$7:$A$150,0)),"") | H7: =IFERROR(INDEX(TASK_BOARD!$O$7:$O$150,MATCH($E7,TASK_BOARD!$A$7:$A$150,0)),"") | I7: =IFERROR(INDEX(TASK_BOARD!$P$7:$P$150,MATCH($E7,TASK_BOARD!$A$7:$A$150,0)),"") | J7: =IFERROR(VLOOKUP("TV4",TEAM!$A$6:$B$10,2,0),"TV4")
A8: D02 | B8: Literature matrix | C8: =IFERROR(VLOOKUP("TV1",TEAM!$A$6:$B$10,2,0),"TV1") | D8: =IFERROR(INDEX(TASK_BOARD!$K$7:$K$150,MATCH($E8,TASK_BOARD!$A$7:$A$150,0)),"") | E8: T04 | F8: Bảng tổng hợp 15-20 tài liệu + keyword plan | G8: =IFERROR(INDEX(TASK_BOARD!$R$7:$R$150,MATCH($E8,TASK_BOARD!$A$7:$A$150,0)),"") | H8: =IFERROR(INDEX(TASK_BOARD!$O$7:$O$150,MATCH($E8,TASK_BOARD!$A$7:$A$150,0)),"") | I8: =IFERROR(INDEX(TASK_BOARD!$P$7:$P$150,MATCH($E8,TASK_BOARD!$A$7:$A$150,0)),"") | J8: =IFERROR(VLOOKUP("TV5",TEAM!$A$6:$B$10,2,0),"TV5")
A9: D03 | B9: Data audit package | C9: =IFERROR(VLOOKUP("TV2",TEAM!$A$6:$B$10,2,0),"TV2") | D9: =IFERROR(INDEX(TASK_BOARD!$K$7:$K$150,MATCH($E9,TASK_BOARD!$A$7:$A$150,0)),"") | E9: T07 | F9: Audit PaySim + IEEE-CIS + schema chung | G9: =IFERROR(INDEX(TASK_BOARD!$R$7:$R$150,MATCH($E9,TASK_BOARD!$A$7:$A$150,0)),"") | H9: =IFERROR(INDEX(TASK_BOARD!$O$7:$O$150,MATCH($E9,TASK_BOARD!$A$7:$A$150,0)),"") | I9: =IFERROR(INDEX(TASK_BOARD!$P$7:$P$150,MATCH($E9,TASK_BOARD!$A$7:$A$150,0)),"") | J9: =IFERROR(VLOOKUP("TV4",TEAM!$A$6:$B$10,2,0),"TV4")
A10: D04 | B10: Preprocessing pipeline v1 | C10: =IFERROR(VLOOKUP("TV2",TEAM!$A$6:$B$10,2,0),"TV2") | D10: =IFERROR(INDEX(TASK_BOARD!$K$7:$K$150,MATCH($E10,TASK_BOARD!$A$7:$A$150,0)),"") | E10: T10 | F10: Pipeline chạy được cho 2 nguồn | G10: =IFERROR(INDEX(TASK_BOARD!$R$7:$R$150,MATCH($E10,TASK_BOARD!$A$7:$A$150,0)),"") | H10: =IFERROR(INDEX(TASK_BOARD!$O$7:$O$150,MATCH($E10,TASK_BOARD!$A$7:$A$150,0)),"") | I10: =IFERROR(INDEX(TASK_BOARD!$P$7:$P$150,MATCH($E10,TASK_BOARD!$A$7:$A$150,0)),"") | J10: =IFERROR(VLOOKUP("TV4",TEAM!$A$6:$B$10,2,0),"TV4")
A11: D05 | B11: Baseline benchmark (RF) | C11: =IFERROR(VLOOKUP("TV3",TEAM!$A$6:$B$10,2,0),"TV3") | D11: =IFERROR(INDEX(TASK_BOARD!$K$7:$K$150,MATCH($E11,TASK_BOARD!$A$7:$A$150,0)),"") | E11: T15 | F11: Đánh giá Baseline model RF trên Tabular Data | G11: =IFERROR(INDEX(TASK_BOARD!$R$7:$R$150,MATCH($E11,TASK_BOARD!$A$7:$A$150,0)),"") | H11: =IFERROR(INDEX(TASK_BOARD!$O$7:$O$150,MATCH($E11,TASK_BOARD!$A$7:$A$150,0)),"") | I11: =IFERROR(INDEX(TASK_BOARD!$P$7:$P$150,MATCH($E11,TASK_BOARD!$A$7:$A$150,0)),"") | J11: =IFERROR(VLOOKUP("TV4",TEAM!$A$6:$B$10,2,0),"TV4")
A12: D06 | B12: Deep Models (LSTM, GAT) + XAI + Stacking | C12: =IFERROR(VLOOKUP("TV3",TEAM!$A$6:$B$10,2,0),"TV3") | D12: =IFERROR(INDEX(TASK_BOARD!$K$7:$K$150,MATCH($E12,TASK_BOARD!$A$7:$A$150,0)),"") | E12: T19 | F12: Kết quả Tuning LSTM, GAT + 4 XAI Techniques | G12: =IFERROR(INDEX(TASK_BOARD!$R$7:$R$150,MATCH($E12,TASK_BOARD!$A$7:$A$150,0)),"") | H12: =IFERROR(INDEX(TASK_BOARD!$O$7:$O$150,MATCH($E12,TASK_BOARD!$A$7:$A$150,0)),"") | I12: =IFERROR(INDEX(TASK_BOARD!$P$7:$P$150,MATCH($E12,TASK_BOARD!$A$7:$A$150,0)),"") | J12: =IFERROR(VLOOKUP("TV1",TEAM!$A$6:$B$10,2,0),"TV1")
A13: D07 | B13: Scoring flow + dashboard v1 | C13: =IFERROR(VLOOKUP("TV5",TEAM!$A$6:$B$10,2,0),"TV5") | D13: =IFERROR(INDEX(TASK_BOARD!$K$7:$K$150,MATCH($E13,TASK_BOARD!$A$7:$A$150,0)),"") | E13: T22 | F13: Demo chạy được với risk score | G13: =IFERROR(INDEX(TASK_BOARD!$R$7:$R$150,MATCH($E13,TASK_BOARD!$A$7:$A$150,0)),"") | H13: =IFERROR(INDEX(TASK_BOARD!$O$7:$O$150,MATCH($E13,TASK_BOARD!$A$7:$A$150,0)),"") | I13: =IFERROR(INDEX(TASK_BOARD!$P$7:$P$150,MATCH($E13,TASK_BOARD!$A$7:$A$150,0)),"") | J13: =IFERROR(VLOOKUP("TV1",TEAM!$A$6:$B$10,2,0),"TV1")
A14: D08 | B14: Draft report + slides | C14: =IFERROR(VLOOKUP("TV1",TEAM!$A$6:$B$10,2,0),"TV1") | D14: =IFERROR(INDEX(TASK_BOARD!$K$7:$K$150,MATCH($E14,TASK_BOARD!$A$7:$A$150,0)),"") | E14: T27 | F14: Draft report phương pháp/thực nghiệm + slide | G14: =IFERROR(INDEX(TASK_BOARD!$R$7:$R$150,MATCH($E14,TASK_BOARD!$A$7:$A$150,0)),"") | H14: =IFERROR(INDEX(TASK_BOARD!$O$7:$O$150,MATCH($E14,TASK_BOARD!$A$7:$A$150,0)),"") | I14: =IFERROR(INDEX(TASK_BOARD!$P$7:$P$150,MATCH($E14,TASK_BOARD!$A$7:$A$150,0)),"") | J14: =IFERROR(VLOOKUP("TV5",TEAM!$A$6:$B$10,2,0),"TV5")
A15: D10 | B15: Ablation Study & Drift Monitor Report | C15: TV4 | D15: =IFERROR(INDEX(TASK_BOARD!$K$7:$K$150,MATCH($E15,TASK_BOARD!$A$7:$A$150,0)),"") | E15: T20 | F15: Báo cáo ma trận 19-thực nghiệm, P-value McNemar & Cơ chế PSI | G15: =IFERROR(INDEX(TASK_BOARD!$R$7:$R$150,MATCH($E15,TASK_BOARD!$A$7:$A$150,0)),"") | H15: =IFERROR(INDEX(TASK_BOARD!$O$7:$O$150,MATCH($E15,TASK_BOARD!$A$7:$A$150,0)),"") | I15: =IFERROR(INDEX(TASK_BOARD!$P$7:$P$150,MATCH($E15,TASK_BOARD!$A$7:$A$150,0)),"") | J15: =IFERROR(VLOOKUP("TV5",TEAM!$A$6:$B$10,2,0),"TV5")

Sheet TEAM
A1: TEAM | Cấu trúc nhóm 5 người và tải việc
A2: Điền tên thật vào cột "Thành viên". Các sheet khác dùng mã TV1–TV5 nên sửa tên không làm vỡ công thức.
A5: Code | B5: Thành viên | C5: Vai trò chính | D5: Workstream phụ trách | E5: Backup | F5: Email / Contact | G5: Capacity % | H5: Giờ/tuần | I5: Open Tasks | J5: Due 7d | K5: Overdue | L5: Blocked | M5: Done %
A6: TV1 | B6: Thành viên 1 | C6: Leader + Literature + Final report | D6: Governance, literature, report, defense | E6: TV5 | G6: 1 | H6: 12 | I6: =COUNTIFS(TASK_BOARD!$G$7:$G$150,$A6,TASK_BOARD!$A$7:$A$150,"<>",TASK_BOARD!$R$7:$R$150,"<>Hoàn thành") | J6: =COUNTIFS(TASK_BOARD!$G$7:$G$150,$A6,TASK_BOARD!$K$7:$K$150,">="&CONFIG!$B$5,TASK_BOARD!$K$7:$K$150,"<="&CONFIG!$B$5+7,TASK_BOARD!$R$7:$R$150,"<>Hoàn thành") | K6: =COUNTIFS(TASK_BOARD!$G$7:$G$150,$A6,TASK_BOARD!$R$7:$R$150,"Trễ hạn") | L6: =COUNTIFS(TASK_BOARD!$G$7:$G$150,$A6,TASK_BOARD!$R$7:$R$150,"Blocked") | M6: =IFERROR(COUNTIFS(TASK_BOARD!$G$7:$G$150,$A6,TASK_BOARD!$R$7:$R$150,"Hoàn thành")/COUNTIFS(TASK_BOARD!$G$7:$G$150,$A6,TASK_BOARD!$A$7:$A$150,"<>"),0)
A7: TV2 | B7: Thành viên 2 | C7: Data Engineer (PaySim) | D7: PaySim EDA, preprocessing, pipeline, integration | E7: TV3 | G7: 0.85 | H7: 10 | I7: =COUNTIFS(TASK_BOARD!$G$7:$G$150,$A7,TASK_BOARD!$A$7:$A$150,"<>",TASK_BOARD!$R$7:$R$150,"<>Hoàn thành") | J7: =COUNTIFS(TASK_BOARD!$G$7:$G$150,$A7,TASK_BOARD!$K$7:$K$150,">="&CONFIG!$B$5,TASK_BOARD!$K$7:$K$150,"<="&CONFIG!$B$5+7,TASK_BOARD!$R$7:$R$150,"<>Hoàn thành") | K7: =COUNTIFS(TASK_BOARD!$G$7:$G$150,$A7,TASK_BOARD!$R$7:$R$150,"Trễ hạn") | L7: =COUNTIFS(TASK_BOARD!$G$7:$G$150,$A7,TASK_BOARD!$R$7:$R$150,"Blocked") | M7: =IFERROR(COUNTIFS(TASK_BOARD!$G$7:$G$150,$A7,TASK_BOARD!$R$7:$R$150,"Hoàn thành")/COUNTIFS(TASK_BOARD!$G$7:$G$150,$A7,TASK_BOARD!$A$7:$A$150,"<>"),0)
A8: TV3 | B8: Thành viên 3 | C8: Modeling Lead (IEEE-CIS + Ensemble) | D8: IEEE-CIS join, features, advanced models, ensemble | E8: TV2 | G8: 0.85 | H8: 10 | I8: =COUNTIFS(TASK_BOARD!$G$7:$G$150,$A8,TASK_BOARD!$A$7:$A$150,"<>",TASK_BOARD!$R$7:$R$150,"<>Hoàn thành") | J8: =COUNTIFS(TASK_BOARD!$G$7:$G$150,$A8,TASK_BOARD!$K$7:$K$150,">="&CONFIG!$B$5,TASK_BOARD!$K$7:$K$150,"<="&CONFIG!$B$5+7,TASK_BOARD!$R$7:$R$150,"<>Hoàn thành") | K8: =COUNTIFS(TASK_BOARD!$G$7:$G$150,$A8,TASK_BOARD!$R$7:$R$150,"Trễ hạn") | L8: =COUNTIFS(TASK_BOARD!$G$7:$G$150,$A8,TASK_BOARD!$R$7:$R$150,"Blocked") | M8: =IFERROR(COUNTIFS(TASK_BOARD!$G$7:$G$150,$A8,TASK_BOARD!$R$7:$R$150,"Hoàn thành")/COUNTIFS(TASK_BOARD!$G$7:$G$150,$A8,TASK_BOARD!$A$7:$A$150,"<>"),0)
A9: TV4 | B9: Thành viên 4 | C9: QA / Evaluation / XAI | D9: Metrics, testing, issue control, SHAP, validation | E9: TV1 | G9: 0.7 | H9: 8 | I9: =COUNTIFS(TASK_BOARD!$G$7:$G$150,$A9,TASK_BOARD!$A$7:$A$150,"<>",TASK_BOARD!$R$7:$R$150,"<>Hoàn thành") | J9: =COUNTIFS(TASK_BOARD!$G$7:$G$150,$A9,TASK_BOARD!$K$7:$K$150,">="&CONFIG!$B$5,TASK_BOARD!$K$7:$K$150,"<="&CONFIG!$B$5+7,TASK_BOARD!$R$7:$R$150,"<>Hoàn thành") | K9: =COUNTIFS(TASK_BOARD!$G$7:$G$150,$A9,TASK_BOARD!$R$7:$R$150,"Trễ hạn") | L9: =COUNTIFS(TASK_BOARD!$G$7:$G$150,$A9,TASK_BOARD!$R$7:$R$150,"Blocked") | M9: =IFERROR(COUNTIFS(TASK_BOARD!$G$7:$G$150,$A9,TASK_BOARD!$R$7:$R$150,"Hoàn thành")/COUNTIFS(TASK_BOARD!$G$7:$G$150,$A9,TASK_BOARD!$A$7:$A$150,"<>"),0)
A10: TV5 | B10: Thành viên 5 | C10: Dashboard / PM Support / Slides | D10: Tracker, dashboard, demo, slide deck, formatting | E10: TV1 | G10: 0.7 | H10: 8 | I10: =COUNTIFS(TASK_BOARD!$G$7:$G$150,$A10,TASK_BOARD!$A$7:$A$150,"<>",TASK_BOARD!$R$7:$R$150,"<>Hoàn thành") | J10: =COUNTIFS(TASK_BOARD!$G$7:$G$150,$A10,TASK_BOARD!$K$7:$K$150,">="&CONFIG!$B$5,TASK_BOARD!$K$7:$K$150,"<="&CONFIG!$B$5+7,TASK_BOARD!$R$7:$R$150,"<>Hoàn thành") | K10: =COUNTIFS(TASK_BOARD!$G$7:$G$150,$A10,TASK_BOARD!$R$7:$R$150,"Trễ hạn") | L10: =COUNTIFS(TASK_BOARD!$G$7:$G$150,$A10,TASK_BOARD!$R$7:$R$150,"Blocked") | M10: =IFERROR(COUNTIFS(TASK_BOARD!$G$7:$G$150,$A10,TASK_BOARD!$R$7:$R$150,"Hoàn thành")/COUNTIFS(TASK_BOARD!$G$7:$G$150,$A10,TASK_BOARD!$A$7:$A$150,"<>"),0)

Sheet MEETING_LOG
A1: MEETING LOG | Quyết định, action item và follow-up sau họp
A2: Nếu action kéo dài >1 ngày hoặc ảnh hưởng milestone, tạo task trong TASK_BOARD rồi link ID ở Notes.
A6: Meeting ID | B6: Date | C6: Week | D6: Participants | E6: Mục tiêu | F6: Key Decisions | G6: Action Item | H6: Owner | I6: Due | J6: Status
A7: M01 | B7: 46097 | C7: W1 | D7: TV1-TV5 | E7: Kickoff & role alignment | F7: Chốt scope, timeline, role, cadence | G7: Finalize proposal and tracker | H7: TV1 | I7: 46102 | J7: In Progress
A8: M02 | C8: W2 | D8: TV1-TV5 | E8: Review data audit | F8: Chốt schema chung, risk dữ liệu | G8: Create common schema v1 | H8: TV2 | I8: 46110 | J8: Open
A9: M03 | C9: W4 | D9: TV1-TV5 | E9: Baseline review gate | F9: Go / No-go advanced model | G9: Sign off baseline memo | H9: TV4 | I9: 46124 | J9: Open

Sheet ISSUE_FEEDBACK_LOG
A1: ISSUE / FEEDBACK LOG | Cơ chế phản hồi lỗi, blocker và fix cho teamwork
A2: Mỗi issue phải có owner, due fix, người verify và trạng thái. Nếu quá hạn chưa đóng -> cột Escalate tự bật để leader xử lý.
A6: ID | B6: Type | C6: Area | D6: Date Opened | E6: Raised By | F6: Summary | G6: Linked Task | H6: Priority | I6: Owner | J6: Due Fix | K6: Verify By | L6: Status | M6: Root Cause | N6: Action Plan | O6: Resolution / Notes
A7: IF01 | B7: Risk | C7: Data | D7: 46101 | E7: TV2 | H7: Cao | I7: TV4 | J7: 46109 | K7: TV1 | L7: In Review
A8: IF02 | B8: Issue | C8: Modeling | D8: 46121 | E8: TV3 | H8: Cao | I8: TV3 | J8: 46126 | K8: TV4 | L8: Open
A9: IF03 | B9: Feedback | C9: Dashboard | D9: 46142 | E9: TV1 | H9: Trung bình | I9: TV5 | J9: 46146 | K9: TV1 | L9: Open

Sheet CONFIG
A1: CONFIG | Điều khiển dự án cho leader
A3: Core Inputs | D3: Priority List | F3: Task Status List | H3: Member Codes
A4: Project Name | B4: Fraud Detection Project Tracker (PaySim + IEEE-CIS + Multi-model) | D4: Cao | F4: Chưa bắt đầu | H4: TV1
A5: Report Date | B5: 46102 | D5: Trung bình | F5: Sắp đến hạn | H5: TV2
A6: Project Start | B6: 46102 | D6: Thấp | F6: Đang thực hiện | H6: TV3
A7: Project End | B7: =B6+(B8*7)-1 | F7: Hoàn thành | H7: TV4
A8: Sprint Length (weeks) | B8: 8 | D8: Health cue | E8: Xanh | F8: Blocked? List | G8: Không | H8: Issue status | I8: Open
F9: Không | I9: Closed
F10: Có | I10: Deferred
I11: In Review
A12: Weekly Calendar (auto from Project Start)
A13: Week start | B13: =$B$6+0 | C13: =$B$6+7 | D13: =$B$6+14 | E13: =$B$6+21 | F13: =$B$6+28 | G13: =$B$6+35 | H13: =$B$6+42 | I13: =$B$6+49
A14: Week end | B14: =B13+6 | C14: =C13+6 | D14: =D13+6 | E14: =E13+6 | F14: =F13+6 | G14: =G13+6 | H14: =H13+6 | I14: =I13+6
A15: Week | B15: W1 | C15: W2 | D15: W3 | E15: W4 | F15: W5 | G15: W6 | H15: W7 | I15: W8
A17: How to use
A18: 1) Đổi Report Date để xem trạng thái tại ngày hiện tại. 2) Đổi Project Start nếu toàn bộ lịch dời; Project End và Weekly Calendar tự tính. 3) Không nhập tiến độ tại đây; chỉ cập nhật trong TASK_BOARD.
